{"cameraMode":{"drawMode":0,"name":"Shaded","section":"Shading Mode"},"sceneLighting":false,"audioPlay":false,"sceneViewState":{"m_AlwaysRefresh":false,"showFog":false,"showSkybox":false,"showFlares":false,"showImageEffects":false,"showParticleSystems":false,"showVisualEffectGraphs":true,"m_FxEnabled":true},"in2DMode":false,"pivot":{"x":-0.1578478068113327,"y":0.20245406031608582,"z":-0.2312779724597931},"rotation":{"x":-0.014779558405280114,"y":-0.9577659368515015,"z":-0.050030212849378589,"w":0.2827925682067871},"size":0.3464239835739136,"orthographic":false}